datetime,symbol,open,high,low,close,RSI
2023-07-05 23:00:00,OANDA:NZDUSD,0.61782,0.61852,0.61726,0.61818,
2023-07-06 03:00:00,OANDA:NZDUSD,0.61818,0.61944,0.6163,0.61824,
2023-07-06 07:00:00,OANDA:NZDUSD,0.61824,0.62148,0.61808,0.61949,
2023-07-06 11:00:00,OANDA:NZDUSD,0.61949,0.62196,0.61637,0.61711,
2023-07-06 15:00:00,OANDA:NZDUSD,0.61711,0.61792,0.61326,0.61521,
2023-07-06 19:00:00,OANDA:NZDUSD,0.61521,0.61602,0.61506,0.6157,
2023-07-06 23:00:00,OANDA:NZDUSD,0.6157,0.61683,0.61538,0.61582,
2023-07-07 03:00:00,OANDA:NZDUSD,0.61582,0.61758,0.61582,0.61718,
2023-07-07 07:00:00,OANDA:NZDUSD,0.61718,0.61833,0.61592,0.61823,
2023-07-07 11:00:00,OANDA:NZDUSD,0.61823,0.62,0.6161,0.61708,
2023-07-07 15:00:00,OANDA:NZDUSD,0.61708,0.62198,0.6159,0.62194,
2023-07-07 19:00:00,OANDA:NZDUSD,0.62194,0.62196,0.62051,0.62106,
2023-07-09 23:00:00,OANDA:NZDUSD,0.62106,0.62108,0.61942,0.61996,
2023-07-10 03:00:00,OANDA:NZDUSD,0.61996,0.62154,0.61807,0.61819,
2023-07-10 07:00:00,OANDA:NZDUSD,0.61819,0.6193,0.61722,0.61876,51.53115100316798
2023-07-10 11:00:00,OANDA:NZDUSD,0.61876,0.61898,0.61666,0.61692,46.65048900654477
2023-07-10 15:00:00,OANDA:NZDUSD,0.61692,0.62118,0.61692,0.62114,56.76459936830446
2023-07-10 19:00:00,OANDA:NZDUSD,0.62114,0.62182,0.62098,0.62104,56.49129222246535
2023-07-10 23:00:00,OANDA:NZDUSD,0.62104,0.62193,0.62014,0.62172,57.973108214977756
2023-07-11 03:00:00,OANDA:NZDUSD,0.62172,0.62247,0.6211,0.62142,57.04996203284701
2023-07-11 07:00:00,OANDA:NZDUSD,0.62142,0.62172,0.61837,0.61852,48.937589394168796
2023-07-11 11:00:00,OANDA:NZDUSD,0.61852,0.61965,0.61742,0.61774,47.001670691997504
2023-07-11 15:00:00,OANDA:NZDUSD,0.61774,0.6189,0.6167,0.61888,50.108154158017584
2023-07-11 19:00:00,OANDA:NZDUSD,0.61888,0.61988,0.6185,0.61979,52.50151325791603
2023-07-11 23:00:00,OANDA:NZDUSD,0.61979,0.62217,0.61928,0.62169,57.12605430785354
2023-07-12 03:00:00,OANDA:NZDUSD,0.62169,0.62394,0.62018,0.62287,59.74723903745117
2023-07-12 07:00:00,OANDA:NZDUSD,0.62287,0.62288,0.6196,0.61987,51.18021116444653
2023-07-12 11:00:00,OANDA:NZDUSD,0.61987,0.62468,0.61826,0.62273,57.444823442798885
2023-07-12 15:00:00,OANDA:NZDUSD,0.62273,0.6304,0.6227,0.6301,68.61967714793835
2023-07-12 19:00:00,OANDA:NZDUSD,0.6301,0.63075,0.62914,0.62977,67.76164311611353
2023-07-12 23:00:00,OANDA:NZDUSD,0.62977,0.63164,0.6264,0.63064,68.86691223263152
2023-07-13 03:00:00,OANDA:NZDUSD,0.63064,0.63398,0.63038,0.63308,71.7882417518734
2023-07-13 07:00:00,OANDA:NZDUSD,0.63308,0.63618,0.63259,0.63553,74.38707530481872
2023-07-13 11:00:00,OANDA:NZDUSD,0.63553,0.63756,0.63432,0.6366,75.45070326098705
2023-07-13 15:00:00,OANDA:NZDUSD,0.6366,0.63949,0.63635,0.63823,77.01649953434688
2023-07-13 19:00:00,OANDA:NZDUSD,0.63823,0.63954,0.638,0.63935,78.052355150978
2023-07-13 23:00:00,OANDA:NZDUSD,0.63935,0.6397,0.63354,0.6387,75.91397554295037
2023-07-14 03:00:00,OANDA:NZDUSD,0.6387,0.64119,0.63851,0.64028,77.52577820421207
2023-07-14 07:00:00,OANDA:NZDUSD,0.64028,0.64044,0.63714,0.63743,68.60732226389108
2023-07-14 11:00:00,OANDA:NZDUSD,0.63743,0.63882,0.63678,0.63816,69.57285590793586
2023-07-14 15:00:00,OANDA:NZDUSD,0.63816,0.63906,0.63646,0.63763,67.9390656125817
2023-07-14 19:00:00,OANDA:NZDUSD,0.63763,0.638,0.63652,0.63706,66.14017203795984
2023-07-16 23:00:00,OANDA:NZDUSD,0.63706,0.63706,0.63552,0.63558,61.58082209857167
2023-07-17 03:00:00,OANDA:NZDUSD,0.63558,0.63632,0.63451,0.63518,60.36955877484051
2023-07-17 07:00:00,OANDA:NZDUSD,0.63518,0.63565,0.6338,0.63442,58.03388071138189
2023-07-17 11:00:00,OANDA:NZDUSD,0.63442,0.63462,0.6322,0.63288,53.51565773644297
2023-07-17 15:00:00,OANDA:NZDUSD,0.63288,0.63367,0.63084,0.63342,54.843255148923845
2023-07-17 19:00:00,OANDA:NZDUSD,0.63342,0.63434,0.63208,0.63248,52.05616720371739
2023-07-17 23:00:00,OANDA:NZDUSD,0.63248,0.63342,0.63188,0.63242,51.87495257987207
2023-07-18 03:00:00,OANDA:NZDUSD,0.63242,0.63442,0.63216,0.6337,55.43881695355082
2023-07-18 07:00:00,OANDA:NZDUSD,0.6337,0.63442,0.62934,0.6294,43.72447769611688
2023-07-18 11:00:00,OANDA:NZDUSD,0.6294,0.63034,0.62636,0.62731,39.37003880497154
2023-07-18 15:00:00,OANDA:NZDUSD,0.62731,0.63016,0.626,0.62754,40.07727641456494
2023-07-18 19:00:00,OANDA:NZDUSD,0.62754,0.62824,0.6272,0.6272,39.346606701260114
2023-07-18 23:00:00,OANDA:NZDUSD,0.6272,0.63157,0.6272,0.62926,45.79478402370948
2023-07-19 03:00:00,OANDA:NZDUSD,0.62926,0.62946,0.62579,0.62606,38.880041272878024
2023-07-19 07:00:00,OANDA:NZDUSD,0.62606,0.62656,0.62251,0.62448,35.99043359000461
2023-07-19 11:00:00,OANDA:NZDUSD,0.62448,0.6255,0.62328,0.62511,37.9700530823438
2023-07-19 15:00:00,OANDA:NZDUSD,0.62511,0.626,0.62315,0.6251,37.94999023177641
2023-07-19 19:00:00,OANDA:NZDUSD,0.6251,0.62647,0.6249,0.62632,41.97798376322835
2023-07-19 23:00:00,OANDA:NZDUSD,0.62632,0.62702,0.62553,0.62677,43.43653039264409
2023-07-20 03:00:00,OANDA:NZDUSD,0.62677,0.63081,0.62664,0.63038,53.528836590902806
2023-07-20 07:00:00,OANDA:NZDUSD,0.63038,0.63057,0.62718,0.62854,48.75398576724001
2023-07-20 11:00:00,OANDA:NZDUSD,0.62854,0.63003,0.6247,0.62556,42.190038942512096
2023-07-20 15:00:00,OANDA:NZDUSD,0.62556,0.6259,0.62132,0.62184,35.72415062543728
2023-07-20 19:00:00,OANDA:NZDUSD,0.62184,0.62344,0.62184,0.62342,39.93471802250772
2023-07-20 23:00:00,OANDA:NZDUSD,0.62342,0.62414,0.6222,0.62256,38.45797391312501
2023-07-21 03:00:00,OANDA:NZDUSD,0.62256,0.62314,0.62155,0.62236,38.10507230067335
2023-07-21 07:00:00,OANDA:NZDUSD,0.62236,0.62383,0.61891,0.61912,32.84662326140331
2023-07-21 11:00:00,OANDA:NZDUSD,0.61912,0.6201,0.61828,0.61867,32.18235292424514
2023-07-21 15:00:00,OANDA:NZDUSD,0.61867,0.61956,0.61694,0.61792,31.055102192418225
2023-07-21 19:00:00,OANDA:NZDUSD,0.61792,0.61812,0.61644,0.61674,29.315290057427084
2023-07-23 23:00:00,OANDA:NZDUSD,0.61674,0.61768,0.61642,0.61732,31.351083675368134
2023-07-24 03:00:00,OANDA:NZDUSD,0.61732,0.61752,0.61564,0.61703,30.87230802512973
2023-07-24 07:00:00,OANDA:NZDUSD,0.61703,0.62,0.61678,0.6192,38.4471578606047
2023-07-24 11:00:00,OANDA:NZDUSD,0.6192,0.62156,0.6191,0.62012,41.379947740061354
2023-07-24 15:00:00,OANDA:NZDUSD,0.62012,0.62102,0.6188,0.62038,42.2178564235878
2023-07-24 19:00:00,OANDA:NZDUSD,0.62038,0.62077,0.61926,0.62036,42.16792498812609
2023-07-24 23:00:00,OANDA:NZDUSD,0.62036,0.62142,0.619,0.61938,39.69079694696641
2023-07-25 03:00:00,OANDA:NZDUSD,0.61938,0.62228,0.61932,0.62088,45.015063832144115
2023-07-25 07:00:00,OANDA:NZDUSD,0.62088,0.62194,0.62038,0.62186,48.23070777467384
2023-07-25 11:00:00,OANDA:NZDUSD,0.62186,0.62302,0.6196,0.62258,50.52022063869679
2023-07-25 15:00:00,OANDA:NZDUSD,0.62258,0.62268,0.62028,0.6217,47.74115598674668
2023-07-25 19:00:00,OANDA:NZDUSD,0.6217,0.62293,0.62155,0.62212,49.178086367619855
2023-07-25 23:00:00,OANDA:NZDUSD,0.62212,0.6225,0.62076,0.62142,46.86517188468077
2023-07-26 03:00:00,OANDA:NZDUSD,0.62142,0.62188,0.61826,0.62157,47.43567360197207
2023-07-26 07:00:00,OANDA:NZDUSD,0.62157,0.62332,0.62143,0.622,49.12210504246317
2023-07-26 11:00:00,OANDA:NZDUSD,0.622,0.62266,0.6204,0.62063,44.25089919917677
2023-07-26 15:00:00,OANDA:NZDUSD,0.62063,0.62178,0.62016,0.62038,43.40502906967067
2023-07-26 19:00:00,OANDA:NZDUSD,0.62038,0.62346,0.61935,0.62106,46.40593168199597
2023-07-26 23:00:00,OANDA:NZDUSD,0.62106,0.62304,0.6206,0.62293,53.67974830714141
2023-07-27 03:00:00,OANDA:NZDUSD,0.62293,0.62737,0.62288,0.62556,61.57790113704837
2023-07-27 07:00:00,OANDA:NZDUSD,0.62556,0.6259,0.6237,0.6255,61.32101295336126
2023-07-27 11:00:00,OANDA:NZDUSD,0.6255,0.62624,0.62311,0.62376,54.25259180106955
2023-07-27 15:00:00,OANDA:NZDUSD,0.62376,0.6239,0.6191,0.62037,43.6868702015648
2023-07-27 19:00:00,OANDA:NZDUSD,0.62037,0.62164,0.61747,0.61826,38.64245502948153
2023-07-27 23:00:00,OANDA:NZDUSD,0.61826,0.61932,0.61735,0.61738,36.737209479753304
2023-07-28 03:00:00,OANDA:NZDUSD,0.61738,0.61826,0.61485,0.6152,32.46667211926187
2023-07-28 07:00:00,OANDA:NZDUSD,0.6152,0.61691,0.6121,0.61329,29.25761905275166
2023-07-28 11:00:00,OANDA:NZDUSD,0.61329,0.61819,0.61326,0.61588,38.18069020205971
2023-07-28 15:00:00,OANDA:NZDUSD,0.61588,0.6172,0.61427,0.6164,39.82189012963841
2023-07-28 19:00:00,OANDA:NZDUSD,0.6164,0.61652,0.61504,0.6156,38.144105916759564
2023-07-30 23:00:00,OANDA:NZDUSD,0.6156,0.61656,0.61522,0.61648,41.084600793734424
2023-07-31 03:00:00,OANDA:NZDUSD,0.61648,0.61921,0.61624,0.61901,48.64348080645507
2023-07-31 07:00:00,OANDA:NZDUSD,0.61901,0.62053,0.61844,0.61929,49.41697247423698
2023-07-31 11:00:00,OANDA:NZDUSD,0.61929,0.62089,0.61871,0.62014,51.79072915305206
2023-07-31 15:00:00,OANDA:NZDUSD,0.62014,0.62258,0.61929,0.62206,56.73022886773554
2023-07-31 19:00:00,OANDA:NZDUSD,0.62206,0.6222,0.62074,0.62085,53.04181534166135
2023-07-31 23:00:00,OANDA:NZDUSD,0.62085,0.62172,0.6196,0.62068,52.52511315265761
2023-08-01 03:00:00,OANDA:NZDUSD,0.62068,0.62088,0.61802,0.61926,48.293242416794264
2023-08-01 07:00:00,OANDA:NZDUSD,0.61926,0.61976,0.61532,0.61596,40.18945883918344
2023-08-01 11:00:00,OANDA:NZDUSD,0.61596,0.61668,0.61366,0.61394,36.18659097993533
2023-08-01 15:00:00,OANDA:NZDUSD,0.61394,0.61674,0.61314,0.61349,35.342095709575446
2023-08-01 19:00:00,OANDA:NZDUSD,0.61349,0.61515,0.61312,0.61498,40.30932785450981
2023-08-01 23:00:00,OANDA:NZDUSD,0.61498,0.61696,0.6125,0.61318,36.64665528156101
2023-08-02 03:00:00,OANDA:NZDUSD,0.61318,0.61398,0.61006,0.61041,31.85042795390603
2023-08-02 07:00:00,OANDA:NZDUSD,0.61041,0.61146,0.60936,0.61126,34.67572337427261
2023-08-02 11:00:00,OANDA:NZDUSD,0.61126,0.6123,0.60914,0.60932,31.469069252607877
2023-08-02 15:00:00,OANDA:NZDUSD,0.60932,0.60983,0.60684,0.60884,30.71230060832082
2023-08-02 19:00:00,OANDA:NZDUSD,0.60884,0.60932,0.6076,0.60802,29.41108984386282
2023-08-02 23:00:00,OANDA:NZDUSD,0.60802,0.60878,0.60739,0.60817,29.995374023181263
2023-08-03 03:00:00,OANDA:NZDUSD,0.60817,0.60915,0.6065,0.60698,28.01426971822926
2023-08-03 07:00:00,OANDA:NZDUSD,0.60698,0.60809,0.60616,0.60683,27.76533529077372
2023-08-03 11:00:00,OANDA:NZDUSD,0.60683,0.60936,0.60681,0.60777,31.85209803489531
2023-08-03 15:00:00,OANDA:NZDUSD,0.60777,0.60978,0.60606,0.60897,36.77015922955507
2023-08-03 19:00:00,OANDA:NZDUSD,0.60897,0.60902,0.60648,0.60779,34.159565888865814
2023-08-03 23:00:00,OANDA:NZDUSD,0.60779,0.60936,0.6076,0.6093,40.027380166947026
2023-08-04 03:00:00,OANDA:NZDUSD,0.6093,0.6103,0.60861,0.60896,39.180655857568844
2023-08-04 07:00:00,OANDA:NZDUSD,0.60896,0.60972,0.60778,0.60782,36.400299653005575
2023-08-04 11:00:00,OANDA:NZDUSD,0.60782,0.61096,0.60699,0.61007,44.7358550583227
2023-08-04 15:00:00,OANDA:NZDUSD,0.61007,0.61333,0.60998,0.61278,52.76571981390422
2023-08-04 19:00:00,OANDA:NZDUSD,0.61278,0.61288,0.60896,0.60982,45.06378943926058
2023-08-06 23:00:00,OANDA:NZDUSD,0.60982,0.61089,0.60936,0.61086,47.93910592955207
2023-08-07 03:00:00,OANDA:NZDUSD,0.61086,0.61139,0.6098,0.61024,46.38060731426392
2023-08-07 07:00:00,OANDA:NZDUSD,0.61024,0.61118,0.60867,0.60921,43.83125080096943
2023-08-07 11:00:00,OANDA:NZDUSD,0.60921,0.61116,0.6085,0.61109,49.30818236219162
2023-08-07 15:00:00,OANDA:NZDUSD,0.61109,0.61173,0.60867,0.61014,46.82357607518796
2023-08-07 19:00:00,OANDA:NZDUSD,0.61014,0.61087,0.60976,0.61064,48.30016241870495
2023-08-07 23:00:00,OANDA:NZDUSD,0.61064,0.61102,0.61,0.61044,47.72925063109396
2023-08-08 03:00:00,OANDA:NZDUSD,0.61044,0.61046,0.60712,0.6079,41.08702637828884
2023-08-08 07:00:00,OANDA:NZDUSD,0.6079,0.60836,0.60524,0.60649,37.93131754280433
2023-08-08 11:00:00,OANDA:NZDUSD,0.60649,0.60666,0.60382,0.60448,33.930538263587856
2023-08-08 15:00:00,OANDA:NZDUSD,0.60448,0.60555,0.60346,0.6049,35.46232359236028
2023-08-08 19:00:00,OANDA:NZDUSD,0.6049,0.60684,0.60486,0.60657,41.29080147344367
2023-08-08 23:00:00,OANDA:NZDUSD,0.60657,0.60657,0.605,0.60506,37.95319358881073
2023-08-09 03:00:00,OANDA:NZDUSD,0.60506,0.60891,0.60492,0.60735,45.189088380189865
2023-08-09 07:00:00,OANDA:NZDUSD,0.60735,0.60948,0.60718,0.60794,46.90704012481519
2023-08-09 11:00:00,OANDA:NZDUSD,0.60794,0.60803,0.60511,0.60564,41.45253296072357
2023-08-09 15:00:00,OANDA:NZDUSD,0.60564,0.60712,0.60448,0.6053,40.699111171132465
2023-08-09 19:00:00,OANDA:NZDUSD,0.6053,0.60649,0.60512,0.60528,40.65230446991944
2023-08-09 23:00:00,OANDA:NZDUSD,0.60528,0.60628,0.60468,0.60562,41.876107172208414
2023-08-10 03:00:00,OANDA:NZDUSD,0.60562,0.60696,0.60502,0.6058,42.55151240199023
2023-08-10 07:00:00,OANDA:NZDUSD,0.6058,0.6082,0.60556,0.6069,46.63272847798757
2023-08-10 11:00:00,OANDA:NZDUSD,0.6069,0.61186,0.60612,0.60942,54.59141652332748
2023-08-10 15:00:00,OANDA:NZDUSD,0.60942,0.60975,0.60518,0.6055,43.67923230703842
2023-08-10 19:00:00,OANDA:NZDUSD,0.6055,0.60559,0.60204,0.60214,36.87528945301538
2023-08-10 23:00:00,OANDA:NZDUSD,0.60214,0.6036,0.60081,0.60158,35.872340550544365
2023-08-11 03:00:00,OANDA:NZDUSD,0.60158,0.60237,0.60044,0.60057,34.07237652230989
2023-08-11 07:00:00,OANDA:NZDUSD,0.60057,0.60202,0.60023,0.60112,35.95690381296273
2023-08-11 11:00:00,OANDA:NZDUSD,0.60112,0.60156,0.59844,0.59865,31.589735351962783
2023-08-11 15:00:00,OANDA:NZDUSD,0.59865,0.60122,0.59749,0.598,30.538578416872937
2023-08-11 19:00:00,OANDA:NZDUSD,0.598,0.59892,0.59781,0.59847,32.29296206827947
2023-08-13 23:00:00,OANDA:NZDUSD,0.59847,0.59923,0.59716,0.5973,30.245065046485735
2023-08-14 03:00:00,OANDA:NZDUSD,0.5973,0.5974,0.59542,0.59617,28.37355868927382
2023-08-14 07:00:00,OANDA:NZDUSD,0.59617,0.59902,0.5959,0.59804,35.48776887827874
2023-08-14 11:00:00,OANDA:NZDUSD,0.59804,0.599,0.59599,0.59648,32.58053970836032
2023-08-14 15:00:00,OANDA:NZDUSD,0.59648,0.59898,0.5944,0.59824,38.68362955746923
2023-08-14 19:00:00,OANDA:NZDUSD,0.59824,0.59841,0.59672,0.59754,37.23971691619521
2023-08-14 23:00:00,OANDA:NZDUSD,0.59754,0.59878,0.59649,0.597,36.119665834574775
2023-08-15 03:00:00,OANDA:NZDUSD,0.597,0.59936,0.596,0.59834,40.87213571541981
2023-08-15 07:00:00,OANDA:NZDUSD,0.59834,0.5997,0.59542,0.59664,37.101043716732995
2023-08-15 11:00:00,OANDA:NZDUSD,0.59664,0.59837,0.59564,0.59702,38.46770923768849
2023-08-15 15:00:00,OANDA:NZDUSD,0.59702,0.59883,0.59624,0.59664,37.58817109665532
2023-08-15 19:00:00,OANDA:NZDUSD,0.59664,0.59678,0.59488,0.595,33.977449053217505
2023-08-15 23:00:00,OANDA:NZDUSD,0.595,0.5959,0.59387,0.59398,31.923479104606734
2023-08-16 03:00:00,OANDA:NZDUSD,0.59398,0.59678,0.59315,0.59676,42.18221947933111
2023-08-16 07:00:00,OANDA:NZDUSD,0.59676,0.59934,0.59628,0.59866,47.954810253150185
2023-08-16 11:00:00,OANDA:NZDUSD,0.59866,0.59875,0.5947,0.5947,39.17566886832738
2023-08-16 15:00:00,OANDA:NZDUSD,0.5947,0.59726,0.59423,0.59434,38.48588451811937
2023-08-16 19:00:00,OANDA:NZDUSD,0.59434,0.59547,0.59268,0.5938,37.42151071905025
2023-08-16 23:00:00,OANDA:NZDUSD,0.5938,0.59479,0.59155,0.59168,33.503951915108146
2023-08-17 03:00:00,OANDA:NZDUSD,0.59168,0.59249,0.59034,0.59185,34.09972268797933
2023-08-17 07:00:00,OANDA:NZDUSD,0.59185,0.59364,0.59084,0.59285,37.63913572232756
2023-08-17 11:00:00,OANDA:NZDUSD,0.59285,0.5964,0.59246,0.59542,45.70937888788591
2023-08-17 15:00:00,OANDA:NZDUSD,0.59542,0.59632,0.5928,0.5937,41.80967777381937
2023-08-17 19:00:00,OANDA:NZDUSD,0.5937,0.59374,0.59194,0.59245,39.19271468043039
2023-08-17 23:00:00,OANDA:NZDUSD,0.59245,0.5938,0.5921,0.59322,41.616940234733015
2023-08-18 03:00:00,OANDA:NZDUSD,0.59322,0.5945,0.592,0.59233,39.64933796554005
2023-08-18 07:00:00,OANDA:NZDUSD,0.59233,0.59373,0.59188,0.59234,39.68384403563518
2023-08-18 11:00:00,OANDA:NZDUSD,0.59234,0.59354,0.59094,0.59164,38.04407307081927
2023-08-18 15:00:00,OANDA:NZDUSD,0.59164,0.59422,0.59138,0.59418,46.657281604252454
2023-08-18 19:00:00,OANDA:NZDUSD,0.59418,0.59472,0.59206,0.59224,41.86951738512345
2023-08-20 23:00:00,OANDA:NZDUSD,0.59224,0.59374,0.5922,0.59235,42.231493654784515
2023-08-21 03:00:00,OANDA:NZDUSD,0.59235,0.59235,0.59068,0.5918,40.86141878250184
2023-08-21 07:00:00,OANDA:NZDUSD,0.5918,0.5926,0.59054,0.59125,39.482013651729204
2023-08-21 11:00:00,OANDA:NZDUSD,0.59125,0.59291,0.59098,0.59198,42.267760535208865
2023-08-21 15:00:00,OANDA:NZDUSD,0.59198,0.59238,0.58966,0.59172,41.534428604084795
2023-08-21 19:00:00,OANDA:NZDUSD,0.59172,0.59311,0.59146,0.5927,45.380989369647274
2023-08-21 23:00:00,OANDA:NZDUSD,0.5927,0.59338,0.59218,0.59292,46.23614292458743
2023-08-22 03:00:00,OANDA:NZDUSD,0.59292,0.5943,0.59236,0.59326,47.60154230078986
2023-08-22 07:00:00,OANDA:NZDUSD,0.59326,0.59648,0.59296,0.59552,55.661998171272444
2023-08-22 11:00:00,OANDA:NZDUSD,0.59552,0.59721,0.594,0.59404,50.21437428442125
2023-08-22 15:00:00,OANDA:NZDUSD,0.59404,0.59526,0.59238,0.59448,51.726989116985735
2023-08-22 19:00:00,OANDA:NZDUSD,0.59448,0.59491,0.59387,0.59462,52.22437199618294
2023-08-22 23:00:00,OANDA:NZDUSD,0.59462,0.59524,0.59379,0.59493,53.37006843748826
2023-08-23 03:00:00,OANDA:NZDUSD,0.59493,0.59669,0.59454,0.59489,53.19281319047639
2023-08-23 07:00:00,OANDA:NZDUSD,0.59489,0.59556,0.59338,0.5946,51.84831966231238
2023-08-23 11:00:00,OANDA:NZDUSD,0.5946,0.59474,0.59272,0.59312,45.52424601067561
2023-08-23 15:00:00,OANDA:NZDUSD,0.59312,0.59818,0.59306,0.59804,62.08184874922075
2023-08-23 19:00:00,OANDA:NZDUSD,0.59804,0.59854,0.59706,0.59788,61.42796595964769
2023-08-23 23:00:00,OANDA:NZDUSD,0.59788,0.59823,0.59688,0.59708,58.13112008835339
2023-08-24 03:00:00,OANDA:NZDUSD,0.59708,0.59754,0.59598,0.59732,58.8447348923898
2023-08-24 07:00:00,OANDA:NZDUSD,0.59732,0.59759,0.59484,0.59508,50.23820499076484
2023-08-24 11:00:00,OANDA:NZDUSD,0.59508,0.59525,0.59218,0.59244,42.37238546476592
2023-08-24 15:00:00,OANDA:NZDUSD,0.59244,0.59412,0.59187,0.59238,42.210628240112655
2023-08-24 19:00:00,OANDA:NZDUSD,0.59238,0.59273,0.59162,0.59234,42.09525440335965
2023-08-24 23:00:00,OANDA:NZDUSD,0.59234,0.59292,0.59168,0.59221,41.69636567309801
2023-08-25 03:00:00,OANDA:NZDUSD,0.59221,0.59248,0.5902,0.5902,36.01402035874654
2023-08-25 07:00:00,OANDA:NZDUSD,0.5902,0.5915,0.58944,0.59114,40.12363700187333
2023-08-25 11:00:00,OANDA:NZDUSD,0.59114,0.59271,0.59065,0.59228,44.757581745508816
2023-08-25 15:00:00,OANDA:NZDUSD,0.59228,0.5943,0.58862,0.59055,39.732252095539124
2023-08-25 19:00:00,OANDA:NZDUSD,0.59055,0.59222,0.59008,0.59027,38.96961027570107
2023-08-27 23:00:00,OANDA:NZDUSD,0.59027,0.59169,0.59012,0.59144,43.82200562747667
2023-08-28 03:00:00,OANDA:NZDUSD,0.59144,0.59261,0.59144,0.59168,44.79167717379616
2023-08-28 07:00:00,OANDA:NZDUSD,0.59168,0.59244,0.58954,0.59022,40.24121221863987
2023-08-28 11:00:00,OANDA:NZDUSD,0.59022,0.59152,0.58956,0.59124,44.484520130870145
2023-08-28 15:00:00,OANDA:NZDUSD,0.59124,0.59154,0.59024,0.5912,44.35151886690994
2023-08-28 19:00:00,OANDA:NZDUSD,0.5912,0.59167,0.5904,0.59107,43.892212594177586
2023-08-28 23:00:00,OANDA:NZDUSD,0.59107,0.5914,0.59009,0.59047,41.74351415739519
2023-08-29 03:00:00,OANDA:NZDUSD,0.59047,0.59294,0.59045,0.59214,49.19801517516105
2023-08-29 07:00:00,OANDA:NZDUSD,0.59214,0.59356,0.59173,0.59182,47.93234325190646
2023-08-29 11:00:00,OANDA:NZDUSD,0.59182,0.59316,0.58876,0.58918,39.01486089541087
2023-08-29 15:00:00,OANDA:NZDUSD,0.58918,0.59569,0.58882,0.59484,57.339538276663596
2023-08-29 19:00:00,OANDA:NZDUSD,0.59484,0.59777,0.59484,0.597,62.02864788014995
2023-08-29 23:00:00,OANDA:NZDUSD,0.597,0.59747,0.59634,0.5969,61.69057171012167
2023-08-30 03:00:00,OANDA:NZDUSD,0.5969,0.5969,0.59435,0.59518,56.03360125059671
2023-08-30 07:00:00,OANDA:NZDUSD,0.59518,0.5961,0.59398,0.59446,53.80921350898286
2023-08-30 11:00:00,OANDA:NZDUSD,0.59446,0.60011,0.59432,0.59968,64.73837744039389
2023-08-30 15:00:00,OANDA:NZDUSD,0.59968,0.60069,0.59684,0.59704,57.34797968342205
2023-08-30 19:00:00,OANDA:NZDUSD,0.59704,0.5977,0.59566,0.59567,53.90870974317604
2023-08-30 23:00:00,OANDA:NZDUSD,0.59567,0.59634,0.59448,0.59559,53.706162486291454
2023-08-31 03:00:00,OANDA:NZDUSD,0.59559,0.59774,0.59559,0.59586,54.32983764242066
2023-08-31 07:00:00,OANDA:NZDUSD,0.59586,0.59641,0.59512,0.59512,52.25209566681739
2023-08-31 11:00:00,OANDA:NZDUSD,0.59512,0.59712,0.594,0.59652,55.7035573487581
2023-08-31 15:00:00,OANDA:NZDUSD,0.59652,0.59678,0.59306,0.59501,51.38885100144055
2023-08-31 19:00:00,OANDA:NZDUSD,0.59501,0.59668,0.59496,0.59664,55.404491057586846
2023-08-31 23:00:00,OANDA:NZDUSD,0.59664,0.59784,0.5959,0.59622,54.162931876994314
2023-09-01 03:00:00,OANDA:NZDUSD,0.59622,0.59882,0.59522,0.59644,54.73512398661241
2023-09-01 07:00:00,OANDA:NZDUSD,0.59644,0.59696,0.59438,0.59586,52.86161634787276
2023-09-01 11:00:00,OANDA:NZDUSD,0.59586,0.60152,0.59574,0.60016,62.97889816759914
2023-09-01 15:00:00,OANDA:NZDUSD,0.60016,0.60038,0.59346,0.59412,47.54308035942566
2023-09-01 19:00:00,OANDA:NZDUSD,0.59412,0.59495,0.59387,0.5946,48.620812415187906
2023-09-03 23:00:00,OANDA:NZDUSD,0.5946,0.59487,0.59379,0.5945,48.39772431581588
2023-09-04 03:00:00,OANDA:NZDUSD,0.5945,0.596,0.59406,0.59474,49.002506444150825
2023-09-04 07:00:00,OANDA:NZDUSD,0.59474,0.59612,0.59418,0.59436,48.04241637931847
2023-09-04 11:00:00,OANDA:NZDUSD,0.59436,0.5951,0.59374,0.59411,47.38464883151307
2023-09-04 15:00:00,OANDA:NZDUSD,0.59411,0.59452,0.59318,0.5939,46.8049487736274
2023-09-04 19:00:00,OANDA:NZDUSD,0.5939,0.59406,0.59374,0.59393,46.90488131145645
2023-09-04 23:00:00,OANDA:NZDUSD,0.59393,0.59436,0.59315,0.59366,46.06610838684623
2023-09-05 03:00:00,OANDA:NZDUSD,0.59366,0.59377,0.59129,0.59168,40.36548159509501
2023-09-05 07:00:00,OANDA:NZDUSD,0.59168,0.59186,0.58736,0.58764,31.735852785599615
2023-09-05 11:00:00,OANDA:NZDUSD,0.58764,0.58847,0.58592,0.58834,34.354565534333005
2023-09-05 15:00:00,OANDA:NZDUSD,0.58834,0.58904,0.587,0.58844,34.73971632514733
2023-09-05 19:00:00,OANDA:NZDUSD,0.58844,0.58858,0.58774,0.58828,34.392029101141134
2023-09-05 23:00:00,OANDA:NZDUSD,0.58828,0.58882,0.58701,0.58714,31.939258950728792
2023-09-06 03:00:00,OANDA:NZDUSD,0.58714,0.58893,0.58608,0.5889,39.15404214270982
2023-09-06 07:00:00,OANDA:NZDUSD,0.5889,0.5904,0.58761,0.58901,39.58509981012579
2023-09-06 11:00:00,OANDA:NZDUSD,0.58901,0.58984,0.58828,0.5889,39.285377373303206
2023-09-06 15:00:00,OANDA:NZDUSD,0.5889,0.58962,0.58599,0.58683,34.05919841723445
2023-09-06 19:00:00,OANDA:NZDUSD,0.58683,0.58756,0.5864,0.58736,36.39240156541492
2023-09-06 23:00:00,OANDA:NZDUSD,0.58736,0.58791,0.58628,0.58668,34.696123623592634
2023-09-07 03:00:00,OANDA:NZDUSD,0.58668,0.58741,0.58624,0.58702,36.294998637288536
2023-09-07 07:00:00,OANDA:NZDUSD,0.58702,0.5892,0.58695,0.58874,43.79230934997806
2023-09-07 11:00:00,OANDA:NZDUSD,0.58874,0.58914,0.58706,0.58902,44.92855624732974
2023-09-07 15:00:00,OANDA:NZDUSD,0.58902,0.58944,0.58699,0.58798,41.5673919913383
2023-09-07 19:00:00,OANDA:NZDUSD,0.58798,0.58886,0.58758,0.5876,40.37873932285645
2023-09-07 23:00:00,OANDA:NZDUSD,0.5876,0.59008,0.58736,0.58908,46.76389207903061
2023-09-08 03:00:00,OANDA:NZDUSD,0.58908,0.5903,0.58784,0.58936,47.9006895824825
2023-09-08 07:00:00,OANDA:NZDUSD,0.58936,0.59146,0.58936,0.59052,52.4325004672805
2023-09-08 11:00:00,OANDA:NZDUSD,0.59052,0.59168,0.59006,0.5906,52.737830928503115
2023-09-08 15:00:00,OANDA:NZDUSD,0.5906,0.5918,0.58864,0.58891,46.017856807879994
2023-09-08 19:00:00,OANDA:NZDUSD,0.58891,0.58946,0.5881,0.58847,44.430490705170506
2023-09-10 23:00:00,OANDA:NZDUSD,0.58847,0.59058,0.58845,0.59012,51.225080273050175
2023-09-11 03:00:00,OANDA:NZDUSD,0.59012,0.59319,0.58976,0.59302,60.391740978892614
2023-09-11 07:00:00,OANDA:NZDUSD,0.59302,0.59335,0.59196,0.59233,57.61713066571528
2023-09-11 11:00:00,OANDA:NZDUSD,0.59233,0.5928,0.59108,0.59224,57.24767663048631
2023-09-11 15:00:00,OANDA:NZDUSD,0.59224,0.59352,0.59162,0.59212,56.72538905948043
2023-09-11 19:00:00,OANDA:NZDUSD,0.59212,0.5922,0.59154,0.59196,55.991888647654534
2023-09-11 23:00:00,OANDA:NZDUSD,0.59196,0.59224,0.59082,0.59088,51.18105268175863
2023-09-12 03:00:00,OANDA:NZDUSD,0.59088,0.59219,0.59062,0.59102,51.75967426263796
2023-09-12 07:00:00,OANDA:NZDUSD,0.59102,0.59188,0.59022,0.59052,49.50302230234955
2023-09-12 11:00:00,OANDA:NZDUSD,0.59052,0.59086,0.58928,0.5897,45.96372686799348
2023-09-12 15:00:00,OANDA:NZDUSD,0.5897,0.59074,0.58892,0.58994,47.154623776922264
2023-09-12 19:00:00,OANDA:NZDUSD,0.58994,0.59069,0.58979,0.5904,49.453983845444476
2023-09-12 23:00:00,OANDA:NZDUSD,0.5904,0.59139,0.59004,0.59088,51.81024176577639
2023-09-13 03:00:00,OANDA:NZDUSD,0.59088,0.59135,0.58869,0.58976,46.37766083975555
2023-09-13 07:00:00,OANDA:NZDUSD,0.58976,0.59089,0.5891,0.59078,51.377903687638735
2023-09-13 11:00:00,OANDA:NZDUSD,0.59078,0.592085,0.58805,0.59094,52.13194581551506
2023-09-13 15:00:00,OANDA:NZDUSD,0.59094,0.5927,0.59028,0.59203,57.02185503050365
2023-09-13 19:00:00,OANDA:NZDUSD,0.59203,0.59252,0.590435,0.5917250000000001,55.31896313579866
